{
	"info": {
		"_postman_id": "4a2d48a7-debe-4387-9fde-395cc2357371",
		"name": "Microservices",
		"schema": "https://schema.getpostman.com/json/collection/v2.1.0/collection.json"
	},
	"item": [
		{
			"name": "Gateway /authenticate",
			"request": {
				"method": "POST",
				"header": [
					{
						"key": "Content-Type",
						"value": "application/json",
						"type": "text"
					}
				],
				"body": {
					"mode": "raw",
					"raw": "{\r\n    \"username\":\"user\",\r\n    \"password\":\"password\"\r\n}",
					"options": {
						"raw": {
							"language": "json"
						}
					}
				},
				"url": {
					"raw": "http://localhost:9090/api/authenticate",
					"protocol": "http",
					"host": [
						"localhost"
					],
					"port": "9090",
					"path": [
						"api",
						"authenticate"
					]
				}
			},
			"response": []
		},
		{
			"name": "Gateway: Microservice -> Monolithic (REST API)",
			"protocolProfileBehavior": {
				"disableBodyPruning": true
			},
			"request": {
				"method": "GET",
				"header": [
					{
						"key": "Content-Type",
						"value": "application/json",
						"type": "text",
						"disabled": true
					},
					{
						"key": "Authorization",
						"value": "Bearer eyJhbGciOiJIUzI1NiJ9.eyJzdWIiOiJ1c2VyIiwiZXhwIjoxNjMzMDY3ODIzLCJpYXQiOjE2MzMwNjc2NDN9.HI23P3hbWZRmz8-IQ09anxE2OK09y7N8Ob5A-DqsiSE",
						"type": "text"
					}
				],
				"body": {
					"mode": "raw",
					"raw": ""
				},
				"url": {
					"raw": "http://localhost:9090/api/accounts/account-details",
					"protocol": "http",
					"host": [
						"localhost"
					],
					"port": "9090",
					"path": [
						"api",
						"accounts",
						"account-details"
					]
				}
			},
			"response": []
		},
		{
			"name": "Gateway: Microservice : General Transaction Information",
			"protocolProfileBehavior": {
				"disableBodyPruning": true
			},
			"request": {
				"method": "GET",
				"header": [
					{
						"key": "Content-Type",
						"value": "application/json",
						"type": "text",
						"disabled": true
					},
					{
						"key": "Authorization",
						"value": "Bearer eyJhbGciOiJIUzI1NiJ9.eyJzdWIiOiJ1c2VyIiwiZXhwIjoxNjMzMDkxNjcxLCJpYXQiOjE2MzMwOTE0OTF9.2mwuAq1LRUqu82mvrA1LhFx-ZH0i9J5ct1yYdTRcKhw",
						"type": "text"
					}
				],
				"body": {
					"mode": "raw",
					"raw": ""
				},
				"url": {
					"raw": "http://localhost:9090/api/transaction?tenantId=1040",
					"protocol": "http",
					"host": [
						"localhost"
					],
					"port": "9090",
					"path": [
						"api",
						"transaction"
					],
					"query": [
						{
							"key": "tenantId",
							"value": "1040"
						}
					]
				}
			},
			"response": []
		},
		{
			"name": "Gateway: Microservice : Customized Transaction Information",
			"protocolProfileBehavior": {
				"disableBodyPruning": true
			},
			"request": {
				"method": "GET",
				"header": [
					{
						"key": "Content-Type",
						"value": "application/json",
						"type": "text",
						"disabled": true
					},
					{
						"key": "Authorization",
						"value": "Bearer eyJhbGciOiJIUzI1NiJ9.eyJzdWIiOiJ1c2VyIiwiZXhwIjoxNjMzMTA1OTQ4LCJpYXQiOjE2MzMxMDU3Njh9.XmeXvLLh3uvBiv7-mb1BpkYvhw3kUgwgRvz_U--SLLk",
						"type": "text"
					}
				],
				"body": {
					"mode": "raw",
					"raw": ""
				},
				"url": {
					"raw": "http://localhost:9090/api/transaction?tenantId=1044",
					"protocol": "http",
					"host": [
						"localhost"
					],
					"port": "9090",
					"path": [
						"api",
						"transaction"
					],
					"query": [
						{
							"key": "tenantId",
							"value": "1044"
						}
					]
				}
			},
			"response": []
		},
		{
			"name": "Gateway: Microservice Copy",
			"protocolProfileBehavior": {
				"disableBodyPruning": true
			},
			"request": {
				"method": "GET",
				"header": [
					{
						"key": "Content-Type",
						"value": "application/json",
						"type": "text",
						"disabled": true
					},
					{
						"key": "Authorization",
						"value": "Bearer eyJhbGciOiJIUzI1NiJ9.eyJzdWIiOiJ1c2VyIiwiZXhwIjoxNjMzMDcxMzIyLCJpYXQiOjE2MzMwNzExNDJ9.ZcIcMMLn43-D4RSzI5K-niwQKXY_RTxm0gKqMrT-p8c",
						"type": "text"
					}
				],
				"body": {
					"mode": "raw",
					"raw": ""
				},
				"url": {
					"raw": "http://localhost:9090/api/accounts/?tenantId=12345",
					"protocol": "http",
					"host": [
						"localhost"
					],
					"port": "9090",
					"path": [
						"api",
						"accounts",
						""
					],
					"query": [
						{
							"key": "tenantId",
							"value": "12345"
						}
					]
				}
			},
			"response": []
		},
		{
			"name": "Gateway: Microservice -> Monolithic (SOAP API)",
			"protocolProfileBehavior": {
				"disableBodyPruning": true
			},
			"request": {
				"method": "GET",
				"header": [
					{
						"key": "Content-Type",
						"value": "application/json",
						"type": "text",
						"disabled": true
					},
					{
						"key": "Authorization",
						"value": "Bearer eyJhbGciOiJIUzI1NiJ9.eyJzdWIiOiJ1c2VyIiwiZXhwIjoxNjMyMzgzMzgzLCJpYXQiOjE2MzIzODMyMDN9.GhOF2EY2iAt5SILxPJ_xiyEjW-s4AALtJUkqM_SdqMw",
						"type": "text"
					}
				],
				"body": {
					"mode": "raw",
					"raw": ""
				},
				"url": {
					"raw": "http://localhost:9090/api/customers/Customer1",
					"protocol": "http",
					"host": [
						"localhost"
					],
					"port": "9090",
					"path": [
						"api",
						"customers",
						"Customer1"
					]
				}
			},
			"response": []
		},
		{
			"name": "Gateway: Microservice (REST API) : DB",
			"request": {
				"method": "GET",
				"header": [
					{
						"key": "Authorization",
						"value": "Bearer eyJhbGciOiJIUzI1NiJ9.eyJzdWIiOiJ1c2VyIiwiZXhwIjoxNjMyMzkzMTAxLCJpYXQiOjE2MzIzOTI5MjF9.KAZgMEolRWuE_t6Rekctlo4HVpwRzpLwl_AZeHNhU9k",
						"type": "text"
					}
				],
				"url": {
					"raw": "http://localhost:9090/api/accounts/",
					"protocol": "http",
					"host": [
						"localhost"
					],
					"port": "9090",
					"path": [
						"api",
						"accounts",
						""
					]
				}
			},
			"response": []
		},
		{
			"name": "Gateway: Microservice (REST API) : DB",
			"request": {
				"method": "DELETE",
				"header": [
					{
						"key": "Authorization",
						"value": "Bearer eyJhbGciOiJIUzI1NiJ9.eyJzdWIiOiJ1c2VyIiwiZXhwIjoxNjMyMzkzMTAxLCJpYXQiOjE2MzIzOTI5MjF9.KAZgMEolRWuE_t6Rekctlo4HVpwRzpLwl_AZeHNhU9k",
						"type": "text"
					}
				],
				"url": {
					"raw": "http://localhost:9090/api/accounts/9078",
					"protocol": "http",
					"host": [
						"localhost"
					],
					"port": "9090",
					"path": [
						"api",
						"accounts",
						"9078"
					]
				}
			},
			"response": []
		},
		{
			"name": "Gateway: Microservice (REST API) : DB",
			"request": {
				"method": "POST",
				"header": [
					{
						"key": "Authorization",
						"value": "Bearer eyJhbGciOiJIUzI1NiJ9.eyJzdWIiOiJ1c2VyIiwiZXhwIjoxNjMyMzg4NzU5LCJpYXQiOjE2MzIzODg1Nzl9.E7qnlxzzwKsXHTMyWrUaKCxpqDXdUg3AslxpxXQ0Axc",
						"type": "text"
					}
				],
				"body": {
					"mode": "raw",
					"raw": "{\r\n    \"accountName\" : \"Customer2\",\r\n    \"accountBalance\" : 43564,\r\n    \"emailId\" : \"xyz@mail\"\r\n}",
					"options": {
						"raw": {
							"language": "json"
						}
					}
				},
				"url": {
					"raw": "http://localhost:9090/api/accounts/",
					"protocol": "http",
					"host": [
						"localhost"
					],
					"port": "9090",
					"path": [
						"api",
						"accounts",
						""
					]
				}
			},
			"response": []
		}
	]
}