{
	"info": {
		"_postman_id": "4a2d48a7-debe-4387-9fde-395cc2357371",
		"name": "Microservices",
		"schema": "https://schema.getpostman.com/json/collection/v2.1.0/collection.json"
	},
	"item": [
		{
			"name": "Gateway /authenticate",
			"request": {
				"method": "POST",
				"header": [
					{
						"key": "Content-Type",
						"value": "application/json",
						"type": "text"
					}
				],
				"body": {
					"mode": "raw",
					"raw": "{\r\n    \"username\":\"user\",\r\n    \"password\":\"password\"\r\n}",
					"options": {
						"raw": {
							"language": "json"
						}
					}
				},
				"url": {
					"raw": "http://localhost:9090/api/authenticate",
					"protocol": "http",
					"host": [
						"localhost"
					],
					"port": "9090",
					"path": [
						"api",
						"authenticate"
					]
				}
			},
			"response": []
		},
		{
			"name": "Gateway : General Transaction Information",
			"protocolProfileBehavior": {
				"disableBodyPruning": true
			},
			"request": {
				"method": "GET",
				"header": [
					{
						"key": "Content-Type",
						"value": "application/json",
						"type": "text",
						"disabled": true
					},
					{
						"key": "Authorization",
						"value": "Bearer eyJhbGciOiJIUzI1NiJ9.eyJzdWIiOiJ1c2VyIiwiZXhwIjoxNjMzNjk4ODA2LCJpYXQiOjE2MzM2OTg2MjZ9.FQk8bQcRPkMepWpVTUtWBzm1z8fNj2hWqx2j3aeYanw",
						"type": "text"
					}
				],
				"body": {
					"mode": "raw",
					"raw": ""
				},
				"url": {
					"raw": "http://localhost:9090/api/transaction?tenantId=1040",
					"protocol": "http",
					"host": [
						"localhost"
					],
					"port": "9090",
					"path": [
						"api",
						"transaction"
					],
					"query": [
						{
							"key": "tenantId",
							"value": "1040"
						}
					]
				}
			},
			"response": []
		},
		{
			"name": "Gateway : Customized Transaction Information",
			"protocolProfileBehavior": {
				"disableBodyPruning": true
			},
			"request": {
				"method": "GET",
				"header": [
					{
						"key": "Content-Type",
						"value": "application/json",
						"type": "text",
						"disabled": true
					},
					{
						"key": "Authorization",
						"value": "Bearer eyJhbGciOiJIUzI1NiJ9.eyJzdWIiOiJ1c2VyIiwiZXhwIjoxNjMzNjk4ODA2LCJpYXQiOjE2MzM2OTg2MjZ9.FQk8bQcRPkMepWpVTUtWBzm1z8fNj2hWqx2j3aeYanw",
						"type": "text"
					}
				],
				"body": {
					"mode": "raw",
					"raw": ""
				},
				"url": {
					"raw": "http://localhost:9090/api/transaction?tenantId=1044",
					"protocol": "http",
					"host": [
						"localhost"
					],
					"port": "9090",
					"path": [
						"api",
						"transaction"
					],
					"query": [
						{
							"key": "tenantId",
							"value": "1044"
						}
					]
				}
			},
			"response": []
		},
		{
			"name": "Gateway : Routing based on beans",
			"request": {
				"method": "GET",
				"header": [
					{
						"key": "Authorization",
						"value": "Bearer eyJhbGciOiJIUzI1NiJ9.eyJzdWIiOiJ1c2VyIiwiZXhwIjoxNjMzNjk4MzAwLCJpYXQiOjE2MzM2OTgxMjB9.p7bXgotEdIpbRzuM4ndJa9um6iBdltZiwOpQVCn9Uv8",
						"type": "text"
					}
				],
				"url": {
					"raw": "http://localhost:9090/api/v1/item/600",
					"protocol": "http",
					"host": [
						"localhost"
					],
					"port": "9090",
					"path": [
						"api",
						"v1",
						"item",
						"600"
					]
				}
			},
			"response": []
		},
		{
			"name": "Gateway : Routing : Microservice -> Microservice",
			"request": {
				"method": "GET",
				"header": [
					{
						"key": "Authorization",
						"value": "Bearer eyJhbGciOiJIUzI1NiJ9.eyJzdWIiOiJ1c2VyIiwiZXhwIjoxNjMzNjk4NjE4LCJpYXQiOjE2MzM2OTg0Mzh9.Wy_4w-kXpwE7RP7kdsshRaaFnYA4WHViVlQJEVhr9HM",
						"type": "text"
					}
				],
				"url": {
					"raw": "http://localhost:9090/api/v1/service/item/1044",
					"protocol": "http",
					"host": [
						"localhost"
					],
					"port": "9090",
					"path": [
						"api",
						"v1",
						"service",
						"item",
						"1044"
					]
				}
			},
			"response": []
		},
		{
			"name": "Gateway Microservice : Routing based on beans and method",
			"request": {
				"method": "GET",
				"header": [
					{
						"key": "Authorization",
						"value": "Bearer eyJhbGciOiJIUzI1NiJ9.eyJzdWIiOiJ1c2VyIiwiZXhwIjoxNjMzNjk5MjQ2LCJpYXQiOjE2MzM2OTkwNjZ9.cjFfOXKbTJW-ATgj2sTPG07jEJi3IT3E36T3OAAZpAc",
						"type": "text"
					}
				],
				"url": {
					"raw": "http://localhost:9090/api/v1/item/specific/200",
					"protocol": "http",
					"host": [
						"localhost"
					],
					"port": "9090",
					"path": [
						"api",
						"v1",
						"item",
						"specific",
						"200"
					]
				}
			},
			"response": []
		},
		{
			"name": "Gateway: Microservice (REST API) : DB",
			"request": {
				"method": "GET",
				"header": [
					{
						"key": "Authorization",
						"value": "Bearer eyJhbGciOiJIUzI1NiJ9.eyJzdWIiOiJ1c2VyIiwiZXhwIjoxNjMzNjg5NTczLCJpYXQiOjE2MzM2ODkzOTN9.ARYf7PJAuYqpvxRNf_vqRMAAyIzd6-pEGreigpeb3oE",
						"type": "text"
					}
				],
				"url": {
					"raw": "http://localhost:9090/api/accounts/",
					"protocol": "http",
					"host": [
						"localhost"
					],
					"port": "9090",
					"path": [
						"api",
						"accounts",
						""
					]
				}
			},
			"response": []
		},
		{
			"name": "Gateway: Microservice (REST API) : DB",
			"request": {
				"method": "DELETE",
				"header": [
					{
						"key": "Authorization",
						"value": "Bearer eyJhbGciOiJIUzI1NiJ9.eyJzdWIiOiJ1c2VyIiwiZXhwIjoxNjMyMzkzMTAxLCJpYXQiOjE2MzIzOTI5MjF9.KAZgMEolRWuE_t6Rekctlo4HVpwRzpLwl_AZeHNhU9k",
						"type": "text"
					}
				],
				"url": {
					"raw": "http://localhost:9090/api/accounts/9078",
					"protocol": "http",
					"host": [
						"localhost"
					],
					"port": "9090",
					"path": [
						"api",
						"accounts",
						"9078"
					]
				}
			},
			"response": []
		},
		{
			"name": "Gateway: Microservice (REST API) : DB",
			"request": {
				"method": "POST",
				"header": [
					{
						"key": "Authorization",
						"value": "Bearer eyJhbGciOiJIUzI1NiJ9.eyJzdWIiOiJ1c2VyIiwiZXhwIjoxNjMyMzg4NzU5LCJpYXQiOjE2MzIzODg1Nzl9.E7qnlxzzwKsXHTMyWrUaKCxpqDXdUg3AslxpxXQ0Axc",
						"type": "text"
					}
				],
				"body": {
					"mode": "raw",
					"raw": "{\r\n    \"accountName\" : \"Customer2\",\r\n    \"accountBalance\" : 43564,\r\n    \"emailId\" : \"xyz@mail\"\r\n}",
					"options": {
						"raw": {
							"language": "json"
						}
					}
				},
				"url": {
					"raw": "http://localhost:9090/api/accounts/",
					"protocol": "http",
					"host": [
						"localhost"
					],
					"port": "9090",
					"path": [
						"api",
						"accounts",
						""
					]
				}
			},
			"response": []
		}
	]
}